#group,false,false,true,true,false,false,true,true,true
#datatype,string,long,dateTime:RFC3339,dateTime:RFC3339,dateTime:RFC3339,double,string,string,string
#default,mean,,,,,,,,
,result,table,_start,_stop,_time,_value,_field,_measurement,studentId
,,0,2024-05-08T20:39:37.013502369Z,2024-05-15T20:39:37.013502369Z,2024-05-14T14:00:00Z,47.320930232558155,value,humidity,322
,,0,2024-05-08T20:39:37.013502369Z,2024-05-15T20:39:37.013502369Z,2024-05-14T17:00:00Z,24.766666666666666,value,humidity,322
,,1,2024-05-08T20:39:37.013502369Z,2024-05-15T20:39:37.013502369Z,2024-05-14T14:00:00Z,38.53763440860215,value,humidity,349
,,1,2024-05-08T20:39:37.013502369Z,2024-05-15T20:39:37.013502369Z,2024-05-14T14:30:00Z,35.71942446043166,value,humidity,349
,,1,2024-05-08T20:39:37.013502369Z,2024-05-15T20:39:37.013502369Z,2024-05-15T09:30:00Z,30.43301435406699,value,humidity,349
,,1,2024-05-08T20:39:37.013502369Z,2024-05-15T20:39:37.013502369Z,2024-05-15T10:00:00Z,28.502843601895723,value,humidity,349
,,1,2024-05-08T20:39:37.013502369Z,2024-05-15T20:39:37.013502369Z,2024-05-15T10:30:00Z,28.325,value,humidity,349
,,2,2024-05-08T20:39:37.013502369Z,2024-05-15T20:39:37.013502369Z,2024-05-13T00:30:00Z,37,value,humidity,373
,,2,2024-05-08T20:39:37.013502369Z,2024-05-15T20:39:37.013502369Z,2024-05-13T01:00:00Z,36.8,value,humidity,373
,,2,2024-05-08T20:39:37.013502369Z,2024-05-15T20:39:37.013502369Z,2024-05-13T02:00:00Z,36.6,value,humidity,373
,,2,2024-05-08T20:39:37.013502369Z,2024-05-15T20:39:37.013502369Z,2024-05-13T03:00:00Z,36.5,value,humidity,373
,,2,2024-05-08T20:39:37.013502369Z,2024-05-15T20:39:37.013502369Z,2024-05-13T03:30:00Z,36.7,value,humidity,373
,,2,2024-05-08T20:39:37.013502369Z,2024-05-15T20:39:37.013502369Z,2024-05-13T04:30:00Z,35.2,value,humidity,373
,,2,2024-05-08T20:39:37.013502369Z,2024-05-15T20:39:37.013502369Z,2024-05-13T05:00:00Z,32,value,humidity,373
,,2,2024-05-08T20:39:37.013502369Z,2024-05-15T20:39:37.013502369Z,2024-05-13T06:00:00Z,32.2,value,humidity,373
,,2,2024-05-08T20:39:37.013502369Z,2024-05-15T20:39:37.013502369Z,2024-05-13T07:30:00Z,36.05,value,humidity,373
,,2,2024-05-08T20:39:37.013502369Z,2024-05-15T20:39:37.013502369Z,2024-05-13T08:00:00Z,34.38333333333333,value,humidity,373
,,2,2024-05-08T20:39:37.013502369Z,2024-05-15T20:39:37.013502369Z,2024-05-13T08:30:00Z,36.35,value,humidity,373
,,2,2024-05-08T20:39:37.013502369Z,2024-05-15T20:39:37.013502369Z,2024-05-13T09:00:00Z,36.23333333333333,value,humidity,373
,,2,2024-05-08T20:39:37.013502369Z,2024-05-15T20:39:37.013502369Z,2024-05-13T09:30:00Z,35.675,value,humidity,373
,,2,2024-05-08T20:39:37.013502369Z,2024-05-15T20:39:37.013502369Z,2024-05-13T10:00:00Z,35.3,value,humidity,373
,,2,2024-05-08T20:39:37.013502369Z,2024-05-15T20:39:37.013502369Z,2024-05-15T10:30:00Z,39.199999999999996,value,humidity,373
,,2,2024-05-08T20:39:37.013502369Z,2024-05-15T20:39:37.013502369Z,2024-05-15T11:00:00Z,37.666666666666664,value,humidity,373
,,2,2024-05-08T20:39:37.013502369Z,2024-05-15T20:39:37.013502369Z,2024-05-15T11:30:00Z,37.2,value,humidity,373
,,2,2024-05-08T20:39:37.013502369Z,2024-05-15T20:39:37.013502369Z,2024-05-15T12:00:00Z,37.73333333333334,value,humidity,373
,,2,2024-05-08T20:39:37.013502369Z,2024-05-15T20:39:37.013502369Z,2024-05-15T12:30:00Z,37.3,value,humidity,373
,,2,2024-05-08T20:39:37.013502369Z,2024-05-15T20:39:37.013502369Z,2024-05-15T13:00:00Z,38.89722222222222,value,humidity,373
,,2,2024-05-08T20:39:37.013502369Z,2024-05-15T20:39:37.013502369Z,2024-05-15T13:30:00Z,39.36,value,humidity,373
,,2,2024-05-08T20:39:37.013502369Z,2024-05-15T20:39:37.013502369Z,2024-05-15T14:00:00Z,39.525,value,humidity,373
,,2,2024-05-08T20:39:37.013502369Z,2024-05-15T20:39:37.013502369Z,2024-05-15T14:30:00Z,38.95,value,humidity,373
,,2,2024-05-08T20:39:37.013502369Z,2024-05-15T20:39:37.013502369Z,2024-05-15T15:00:00Z,38.75,value,humidity,373
,,2,2024-05-08T20:39:37.013502369Z,2024-05-15T20:39:37.013502369Z,2024-05-15T15:30:00Z,36.14,value,humidity,373
,,2,2024-05-08T20:39:37.013502369Z,2024-05-15T20:39:37.013502369Z,2024-05-15T16:30:00Z,34.6,value,humidity,373
,,2,2024-05-08T20:39:37.013502369Z,2024-05-15T20:39:37.013502369Z,2024-05-15T17:00:00Z,33.4,value,humidity,373
,,2,2024-05-08T20:39:37.013502369Z,2024-05-15T20:39:37.013502369Z,2024-05-15T18:00:00Z,35.8,value,humidity,373
,,2,2024-05-08T20:39:37.013502369Z,2024-05-15T20:39:37.013502369Z,2024-05-15T18:30:00Z,36.7,value,humidity,373
,,2,2024-05-08T20:39:37.013502369Z,2024-05-15T20:39:37.013502369Z,2024-05-15T19:00:00Z,35.45,value,humidity,373
,,2,2024-05-08T20:39:37.013502369Z,2024-05-15T20:39:37.013502369Z,2024-05-15T19:30:00Z,33.78,value,humidity,373
,,2,2024-05-08T20:39:37.013502369Z,2024-05-15T20:39:37.013502369Z,2024-05-15T20:00:00Z,34.833333333333336,value,humidity,373
,,2,2024-05-08T20:39:37.013502369Z,2024-05-15T20:39:37.013502369Z,2024-05-15T20:30:00Z,35.21666666666667,value,humidity,373
,,2,2024-05-08T20:39:37.013502369Z,2024-05-15T20:39:37.013502369Z,2024-05-15T20:39:37.013502369Z,29.6,value,humidity,373
,,3,2024-05-08T20:39:37.013502369Z,2024-05-15T20:39:37.013502369Z,2024-05-13T00:30:00Z,37.41081081081081,value,humidity,411
,,3,2024-05-08T20:39:37.013502369Z,2024-05-15T20:39:37.013502369Z,2024-05-13T01:00:00Z,37.39638554216869,value,humidity,411
,,3,2024-05-08T20:39:37.013502369Z,2024-05-15T20:39:37.013502369Z,2024-05-13T01:30:00Z,36.96,value,humidity,411
,,3,2024-05-08T20:39:37.013502369Z,2024-05-15T20:39:37.013502369Z,2024-05-13T02:00:00Z,37.09230769230769,value,humidity,411
,,3,2024-05-08T20:39:37.013502369Z,2024-05-15T20:39:37.013502369Z,2024-05-13T02:30:00Z,37.425,value,humidity,411
,,3,2024-05-08T20:39:37.013502369Z,2024-05-15T20:39:37.013502369Z,2024-05-13T03:00:00Z,37.931818181818194,value,humidity,411
,,3,2024-05-08T20:39:37.013502369Z,2024-05-15T20:39:37.013502369Z,2024-05-13T03:30:00Z,38.163157894736855,value,humidity,411
,,3,2024-05-08T20:39:37.013502369Z,2024-05-15T20:39:37.013502369Z,2024-05-13T04:00:00Z,38.236,value,humidity,411
,,3,2024-05-08T20:39:37.013502369Z,2024-05-15T20:39:37.013502369Z,2024-05-13T04:30:00Z,38.65,value,humidity,411
,,3,2024-05-08T20:39:37.013502369Z,2024-05-15T20:39:37.013502369Z,2024-05-13T05:00:00Z,38.81304347826086,value,humidity,411
,,3,2024-05-08T20:39:37.013502369Z,2024-05-15T20:39:37.013502369Z,2024-05-13T05:30:00Z,38.199999999999996,value,humidity,411
,,3,2024-05-08T20:39:37.013502369Z,2024-05-15T20:39:37.013502369Z,2024-05-13T06:00:00Z,37.62499999999999,value,humidity,411
,,3,2024-05-08T20:39:37.013502369Z,2024-05-15T20:39:37.013502369Z,2024-05-13T06:30:00Z,36.90999999999999,value,humidity,411
,,3,2024-05-08T20:39:37.013502369Z,2024-05-15T20:39:37.013502369Z,2024-05-13T07:00:00Z,36.44666666666667,value,humidity,411
,,3,2024-05-08T20:39:37.013502369Z,2024-05-15T20:39:37.013502369Z,2024-05-13T07:30:00Z,34.78192771084339,value,humidity,411
,,3,2024-05-08T20:39:37.013502369Z,2024-05-15T20:39:37.013502369Z,2024-05-13T08:00:00Z,30.1704918032787,value,humidity,411
,,3,2024-05-08T20:39:37.013502369Z,2024-05-15T20:39:37.013502369Z,2024-05-13T08:30:00Z,28.633333333333336,value,humidity,411
,,3,2024-05-08T20:39:37.013502369Z,2024-05-15T20:39:37.013502369Z,2024-05-13T09:00:00Z,27.335185185185168,value,humidity,411
,,3,2024-05-08T20:39:37.013502369Z,2024-05-15T20:39:37.013502369Z,2024-05-13T09:30:00Z,26.54148936170213,value,humidity,411
,,3,2024-05-08T20:39:37.013502369Z,2024-05-15T20:39:37.013502369Z,2024-05-13T13:30:00Z,23.098571428571425,value,humidity,411
,,3,2024-05-08T20:39:37.013502369Z,2024-05-15T20:39:37.013502369Z,2024-05-13T14:00:00Z,22.785915492957738,value,humidity,411
,,3,2024-05-08T20:39:37.013502369Z,2024-05-15T20:39:37.013502369Z,2024-05-13T14:30:00Z,21.461607142857133,value,humidity,411
,,3,2024-05-08T20:39:37.013502369Z,2024-05-15T20:39:37.013502369Z,2024-05-13T17:00:00Z,23.05543478260869,value,humidity,411
,,3,2024-05-08T20:39:37.013502369Z,2024-05-15T20:39:37.013502369Z,2024-05-13T17:30:00Z,25.266666666666666,value,humidity,411
,,3,2024-05-08T20:39:37.013502369Z,2024-05-15T20:39:37.013502369Z,2024-05-13T18:00:00Z,27.1,value,humidity,411
,,3,2024-05-08T20:39:37.013502369Z,2024-05-15T20:39:37.013502369Z,2024-05-13T18:30:00Z,27.718181818181822,value,humidity,411
,,3,2024-05-08T20:39:37.013502369Z,2024-05-15T20:39:37.013502369Z,2024-05-13T19:00:00Z,28.395652173913046,value,humidity,411
,,3,2024-05-08T20:39:37.013502369Z,2024-05-15T20:39:37.013502369Z,2024-05-13T19:30:00Z,28.191666666666663,value,humidity,411
,,3,2024-05-08T20:39:37.013502369Z,2024-05-15T20:39:37.013502369Z,2024-05-13T20:00:00Z,27.635714285714275,value,humidity,411
,,3,2024-05-08T20:39:37.013502369Z,2024-05-15T20:39:37.013502369Z,2024-05-13T21:30:00Z,31.039130434782614,value,humidity,411
,,3,2024-05-08T20:39:37.013502369Z,2024-05-15T20:39:37.013502369Z,2024-05-14T06:30:00Z,31.382222222222214,value,humidity,411
,,3,2024-05-08T20:39:37.013502369Z,2024-05-15T20:39:37.013502369Z,2024-05-14T07:00:00Z,31.303787878787894,value,humidity,411
,,3,2024-05-08T20:39:37.013502369Z,2024-05-15T20:39:37.013502369Z,2024-05-14T07:30:00Z,30.867968749999985,value,humidity,411
,,3,2024-05-08T20:39:37.013502369Z,2024-05-15T20:39:37.013502369Z,2024-05-14T08:00:00Z,30.534042553191494,value,humidity,411
,,3,2024-05-08T20:39:37.013502369Z,2024-05-15T20:39:37.013502369Z,2024-05-14T11:00:00Z,29.2,value,humidity,411
,,3,2024-05-08T20:39:37.013502369Z,2024-05-15T20:39:37.013502369Z,2024-05-14T12:00:00Z,25.372222222222227,value,humidity,411
,,3,2024-05-08T20:39:37.013502369Z,2024-05-15T20:39:37.013502369Z,2024-05-14T12:30:00Z,36.19428571428572,value,humidity,411
,,3,2024-05-08T20:39:37.013502369Z,2024-05-15T20:39:37.013502369Z,2024-05-14T13:30:00Z,33.962068965517254,value,humidity,411
,,3,2024-05-08T20:39:37.013502369Z,2024-05-15T20:39:37.013502369Z,2024-05-14T14:00:00Z,33.84144144144146,value,humidity,411
,,3,2024-05-08T20:39:37.013502369Z,2024-05-15T20:39:37.013502369Z,2024-05-14T14:30:00Z,34.39615384615385,value,humidity,411
,,3,2024-05-08T20:39:37.013502369Z,2024-05-15T20:39:37.013502369Z,2024-05-14T16:00:00Z,39,value,humidity,411
,,3,2024-05-08T20:39:37.013502369Z,2024-05-15T20:39:37.013502369Z,2024-05-14T16:30:00Z,38.54714285714285,value,humidity,411
,,3,2024-05-08T20:39:37.013502369Z,2024-05-15T20:39:37.013502369Z,2024-05-14T17:00:00Z,37.45,value,humidity,411
,,3,2024-05-08T20:39:37.013502369Z,2024-05-15T20:39:37.013502369Z,2024-05-14T17:30:00Z,37.526666666666664,value,humidity,411
,,3,2024-05-08T20:39:37.013502369Z,2024-05-15T20:39:37.013502369Z,2024-05-14T18:00:00Z,37.36666666666667,value,humidity,411
,,3,2024-05-08T20:39:37.013502369Z,2024-05-15T20:39:37.013502369Z,2024-05-14T18:30:00Z,37.444444444444436,value,humidity,411
,,3,2024-05-08T20:39:37.013502369Z,2024-05-15T20:39:37.013502369Z,2024-05-14T19:00:00Z,37.4076923076923,value,humidity,411
,,3,2024-05-08T20:39:37.013502369Z,2024-05-15T20:39:37.013502369Z,2024-05-14T19:30:00Z,37.279999999999994,value,humidity,411
,,3,2024-05-08T20:39:37.013502369Z,2024-05-15T20:39:37.013502369Z,2024-05-14T20:00:00Z,37.36249999999999,value,humidity,411
,,3,2024-05-08T20:39:37.013502369Z,2024-05-15T20:39:37.013502369Z,2024-05-14T20:30:00Z,37.33333333333333,value,humidity,411
,,3,2024-05-08T20:39:37.013502369Z,2024-05-15T20:39:37.013502369Z,2024-05-14T21:00:00Z,37.37499999999999,value,humidity,411
,,3,2024-05-08T20:39:37.013502369Z,2024-05-15T20:39:37.013502369Z,2024-05-14T21:30:00Z,37.449999999999996,value,humidity,411
,,3,2024-05-08T20:39:37.013502369Z,2024-05-15T20:39:37.013502369Z,2024-05-14T22:00:00Z,36.02941176470588,value,humidity,411
,,3,2024-05-08T20:39:37.013502369Z,2024-05-15T20:39:37.013502369Z,2024-05-14T22:30:00Z,31.200000000000003,value,humidity,411
,,3,2024-05-08T20:39:37.013502369Z,2024-05-15T20:39:37.013502369Z,2024-05-14T23:00:00Z,33.02307692307692,value,humidity,411
,,3,2024-05-08T20:39:37.013502369Z,2024-05-15T20:39:37.013502369Z,2024-05-14T23:30:00Z,33.5125,value,humidity,411
,,3,2024-05-08T20:39:37.013502369Z,2024-05-15T20:39:37.013502369Z,2024-05-15T00:00:00Z,33.61176470588236,value,humidity,411
,,3,2024-05-08T20:39:37.013502369Z,2024-05-15T20:39:37.013502369Z,2024-05-15T00:30:00Z,33.75,value,humidity,411
,,3,2024-05-08T20:39:37.013502369Z,2024-05-15T20:39:37.013502369Z,2024-05-15T01:00:00Z,34.07142857142858,value,humidity,411
,,3,2024-05-08T20:39:37.013502369Z,2024-05-15T20:39:37.013502369Z,2024-05-15T01:30:00Z,34.349999999999994,value,humidity,411
,,3,2024-05-08T20:39:37.013502369Z,2024-05-15T20:39:37.013502369Z,2024-05-15T08:00:00Z,29.7,value,humidity,411
,,3,2024-05-08T20:39:37.013502369Z,2024-05-15T20:39:37.013502369Z,2024-05-15T08:30:00Z,30.439999999999998,value,humidity,411
,,3,2024-05-08T20:39:37.013502369Z,2024-05-15T20:39:37.013502369Z,2024-05-15T09:00:00Z,28.542105263157897,value,humidity,411
,,3,2024-05-08T20:39:37.013502369Z,2024-05-15T20:39:37.013502369Z,2024-05-15T09:30:00Z,28.622368421052627,value,humidity,411
,,3,2024-05-08T20:39:37.013502369Z,2024-05-15T20:39:37.013502369Z,2024-05-15T10:00:00Z,29.394936708860786,value,humidity,411
,,3,2024-05-08T20:39:37.013502369Z,2024-05-15T20:39:37.013502369Z,2024-05-15T10:30:00Z,32.14674556213016,value,humidity,411
,,3,2024-05-08T20:39:37.013502369Z,2024-05-15T20:39:37.013502369Z,2024-05-15T11:00:00Z,30.163846153846155,value,humidity,411
,,3,2024-05-08T20:39:37.013502369Z,2024-05-15T20:39:37.013502369Z,2024-05-15T11:30:00Z,29.45714285714286,value,humidity,411
,,3,2024-05-08T20:39:37.013502369Z,2024-05-15T20:39:37.013502369Z,2024-05-15T12:00:00Z,31.39019607843137,value,humidity,411
,,3,2024-05-08T20:39:37.013502369Z,2024-05-15T20:39:37.013502369Z,2024-05-15T12:30:00Z,30.99844357976654,value,humidity,411
,,3,2024-05-08T20:39:37.013502369Z,2024-05-15T20:39:37.013502369Z,2024-05-15T13:00:00Z,34.9445313504938,value,humidity,411
,,3,2024-05-08T20:39:37.013502369Z,2024-05-15T20:39:37.013502369Z,2024-05-15T13:30:00Z,36.08285714285715,value,humidity,411
,,3,2024-05-08T20:39:37.013502369Z,2024-05-15T20:39:37.013502369Z,2024-05-15T14:00:00Z,36.81176470588238,value,humidity,411
,,3,2024-05-08T20:39:37.013502369Z,2024-05-15T20:39:37.013502369Z,2024-05-15T14:30:00Z,36.939639639639644,value,humidity,411
,,3,2024-05-08T20:39:37.013502369Z,2024-05-15T20:39:37.013502369Z,2024-05-15T15:00:00Z,37.84955752212388,value,humidity,411
,,3,2024-05-08T20:39:37.013502369Z,2024-05-15T20:39:37.013502369Z,2024-05-15T15:30:00Z,39.05781250000001,value,humidity,411
,,3,2024-05-08T20:39:37.013502369Z,2024-05-15T20:39:37.013502369Z,2024-05-15T16:00:00Z,39.289473684210535,value,humidity,411
,,3,2024-05-08T20:39:37.013502369Z,2024-05-15T20:39:37.013502369Z,2024-05-15T16:30:00Z,37.22727272727273,value,humidity,411
,,3,2024-05-08T20:39:37.013502369Z,2024-05-15T20:39:37.013502369Z,2024-05-15T17:00:00Z,37.050000000000004,value,humidity,411
,,3,2024-05-08T20:39:37.013502369Z,2024-05-15T20:39:37.013502369Z,2024-05-15T17:30:00Z,37.36666666666665,value,humidity,411
,,3,2024-05-08T20:39:37.013502369Z,2024-05-15T20:39:37.013502369Z,2024-05-15T18:00:00Z,36.80416666666667,value,humidity,411
,,3,2024-05-08T20:39:37.013502369Z,2024-05-15T20:39:37.013502369Z,2024-05-15T18:30:00Z,37.587499999999984,value,humidity,411
,,3,2024-05-08T20:39:37.013502369Z,2024-05-15T20:39:37.013502369Z,2024-05-15T19:00:00Z,33.588495575221245,value,humidity,411
,,3,2024-05-08T20:39:37.013502369Z,2024-05-15T20:39:37.013502369Z,2024-05-15T19:30:00Z,32.8876404494382,value,humidity,411
,,4,2024-05-08T20:39:37.013502369Z,2024-05-15T20:39:37.013502369Z,2024-05-14T14:00:00Z,44.90513698630145,value,humidity,930
,,4,2024-05-08T20:39:37.013502369Z,2024-05-15T20:39:37.013502369Z,2024-05-14T14:30:00Z,43.937446808510586,value,humidity,930
,,4,2024-05-08T20:39:37.013502369Z,2024-05-15T20:39:37.013502369Z,2024-05-14T16:00:00Z,42.63220338983049,value,humidity,930
,,4,2024-05-08T20:39:37.013502369Z,2024-05-15T20:39:37.013502369Z,2024-05-14T16:30:00Z,43.22944606413996,value,humidity,930
,,4,2024-05-08T20:39:37.013502369Z,2024-05-15T20:39:37.013502369Z,2024-05-14T17:00:00Z,45.752631578947394,value,humidity,930
,,4,2024-05-08T20:39:37.013502369Z,2024-05-15T20:39:37.013502369Z,2024-05-14T17:30:00Z,46.866666666666646,value,humidity,930
,,4,2024-05-08T20:39:37.013502369Z,2024-05-15T20:39:37.013502369Z,2024-05-14T18:00:00Z,45.87317073170732,value,humidity,930
,,4,2024-05-08T20:39:37.013502369Z,2024-05-15T20:39:37.013502369Z,2024-05-14T18:30:00Z,46.194805194805156,value,humidity,930
,,4,2024-05-08T20:39:37.013502369Z,2024-05-15T20:39:37.013502369Z,2024-05-14T19:00:00Z,48.73333333333336,value,humidity,930
,,4,2024-05-08T20:39:37.013502369Z,2024-05-15T20:39:37.013502369Z,2024-05-14T19:30:00Z,49.28636363636363,value,humidity,930
,,4,2024-05-08T20:39:37.013502369Z,2024-05-15T20:39:37.013502369Z,2024-05-14T20:00:00Z,40.04444444444443,value,humidity,930
,,4,2024-05-08T20:39:37.013502369Z,2024-05-15T20:39:37.013502369Z,2024-05-14T20:30:00Z,35.290000000000006,value,humidity,930
,,4,2024-05-08T20:39:37.013502369Z,2024-05-15T20:39:37.013502369Z,2024-05-14T21:00:00Z,34.62098765432103,value,humidity,930
,,4,2024-05-08T20:39:37.013502369Z,2024-05-15T20:39:37.013502369Z,2024-05-14T21:30:00Z,37.379729729729746,value,humidity,930
,,4,2024-05-08T20:39:37.013502369Z,2024-05-15T20:39:37.013502369Z,2024-05-14T22:00:00Z,39.61046511627911,value,humidity,930
,,4,2024-05-08T20:39:37.013502369Z,2024-05-15T20:39:37.013502369Z,2024-05-14T22:30:00Z,41.11224489795918,value,humidity,930
,,4,2024-05-08T20:39:37.013502369Z,2024-05-15T20:39:37.013502369Z,2024-05-14T23:00:00Z,42.02857142857143,value,humidity,930
,,4,2024-05-08T20:39:37.013502369Z,2024-05-15T20:39:37.013502369Z,2024-05-14T23:30:00Z,42.805970149253746,value,humidity,930
,,4,2024-05-08T20:39:37.013502369Z,2024-05-15T20:39:37.013502369Z,2024-05-15T00:00:00Z,43.26417910447767,value,humidity,930
,,4,2024-05-08T20:39:37.013502369Z,2024-05-15T20:39:37.013502369Z,2024-05-15T00:30:00Z,43.67272727272733,value,humidity,930
,,4,2024-05-08T20:39:37.013502369Z,2024-05-15T20:39:37.013502369Z,2024-05-15T01:00:00Z,43.81285714285716,value,humidity,930
,,4,2024-05-08T20:39:37.013502369Z,2024-05-15T20:39:37.013502369Z,2024-05-15T01:30:00Z,44.077358490565985,value,humidity,930
,,4,2024-05-08T20:39:37.013502369Z,2024-05-15T20:39:37.013502369Z,2024-05-15T02:00:00Z,44.553030303030255,value,humidity,930
,,4,2024-05-08T20:39:37.013502369Z,2024-05-15T20:39:37.013502369Z,2024-05-15T02:30:00Z,44.70294117647062,value,humidity,930
,,4,2024-05-08T20:39:37.013502369Z,2024-05-15T20:39:37.013502369Z,2024-05-15T03:00:00Z,44.896969696969705,value,humidity,930
,,4,2024-05-08T20:39:37.013502369Z,2024-05-15T20:39:37.013502369Z,2024-05-15T03:30:00Z,45.04999999999998,value,humidity,930
,,4,2024-05-08T20:39:37.013502369Z,2024-05-15T20:39:37.013502369Z,2024-05-15T04:00:00Z,45.211801242236035,value,humidity,930
,,4,2024-05-08T20:39:37.013502369Z,2024-05-15T20:39:37.013502369Z,2024-05-15T04:30:00Z,45.419999999999995,value,humidity,930
,,4,2024-05-08T20:39:37.013502369Z,2024-05-15T20:39:37.013502369Z,2024-05-15T05:00:00Z,45.553260869565186,value,humidity,930
,,4,2024-05-08T20:39:37.013502369Z,2024-05-15T20:39:37.013502369Z,2024-05-15T05:30:00Z,45.64318181818182,value,humidity,930
,,4,2024-05-08T20:39:37.013502369Z,2024-05-15T20:39:37.013502369Z,2024-05-15T06:00:00Z,45.686538461538476,value,humidity,930
,,4,2024-05-08T20:39:37.013502369Z,2024-05-15T20:39:37.013502369Z,2024-05-15T06:30:00Z,45.01176470588235,value,humidity,930
,,5,2024-05-08T20:39:37.013502369Z,2024-05-15T20:39:37.013502369Z,2024-05-14T19:00:00Z,26.86666666666667,value,humidity,Lab625
,,5,2024-05-08T20:39:37.013502369Z,2024-05-15T20:39:37.013502369Z,2024-05-14T19:30:00Z,26.866666666666664,value,humidity,Lab625
,,5,2024-05-08T20:39:37.013502369Z,2024-05-15T20:39:37.013502369Z,2024-05-14T20:00:00Z,26.816666666666666,value,humidity,Lab625
,,5,2024-05-08T20:39:37.013502369Z,2024-05-15T20:39:37.013502369Z,2024-05-14T20:30:00Z,26.9,value,humidity,Lab625
,,5,2024-05-08T20:39:37.013502369Z,2024-05-15T20:39:37.013502369Z,2024-05-14T21:00:00Z,26.830000000000005,value,humidity,Lab625
,,5,2024-05-08T20:39:37.013502369Z,2024-05-15T20:39:37.013502369Z,2024-05-14T21:30:00Z,26.8625,value,humidity,Lab625
,,5,2024-05-08T20:39:37.013502369Z,2024-05-15T20:39:37.013502369Z,2024-05-14T22:00:00Z,26.910000000000004,value,humidity,Lab625
,,5,2024-05-08T20:39:37.013502369Z,2024-05-15T20:39:37.013502369Z,2024-05-14T22:30:00Z,26.939999999999998,value,humidity,Lab625
,,5,2024-05-08T20:39:37.013502369Z,2024-05-15T20:39:37.013502369Z,2024-05-14T23:00:00Z,26.96,value,humidity,Lab625
,,5,2024-05-08T20:39:37.013502369Z,2024-05-15T20:39:37.013502369Z,2024-05-14T23:30:00Z,26.88571428571429,value,humidity,Lab625
,,5,2024-05-08T20:39:37.013502369Z,2024-05-15T20:39:37.013502369Z,2024-05-15T00:00:00Z,26.871428571428574,value,humidity,Lab625
,,5,2024-05-08T20:39:37.013502369Z,2024-05-15T20:39:37.013502369Z,2024-05-15T00:30:00Z,26.88571428571429,value,humidity,Lab625
,,5,2024-05-08T20:39:37.013502369Z,2024-05-15T20:39:37.013502369Z,2024-05-15T01:00:00Z,26.914285714285715,value,humidity,Lab625
,,5,2024-05-08T20:39:37.013502369Z,2024-05-15T20:39:37.013502369Z,2024-05-15T01:30:00Z,26.936363636363637,value,humidity,Lab625
,,5,2024-05-08T20:39:37.013502369Z,2024-05-15T20:39:37.013502369Z,2024-05-15T02:00:00Z,27,value,humidity,Lab625
,,5,2024-05-08T20:39:37.013502369Z,2024-05-15T20:39:37.013502369Z,2024-05-15T02:30:00Z,27.1,value,humidity,Lab625
,,5,2024-05-08T20:39:37.013502369Z,2024-05-15T20:39:37.013502369Z,2024-05-15T03:00:00Z,27.14285714285714,value,humidity,Lab625
,,5,2024-05-08T20:39:37.013502369Z,2024-05-15T20:39:37.013502369Z,2024-05-15T03:30:00Z,27.2,value,humidity,Lab625
,,5,2024-05-08T20:39:37.013502369Z,2024-05-15T20:39:37.013502369Z,2024-05-15T04:00:00Z,27.20555555555555,value,humidity,Lab625
,,5,2024-05-08T20:39:37.013502369Z,2024-05-15T20:39:37.013502369Z,2024-05-15T04:30:00Z,27.3,value,humidity,Lab625
,,5,2024-05-08T20:39:37.013502369Z,2024-05-15T20:39:37.013502369Z,2024-05-15T05:00:00Z,27.300000000000004,value,humidity,Lab625
,,5,2024-05-08T20:39:37.013502369Z,2024-05-15T20:39:37.013502369Z,2024-05-15T05:30:00Z,27.3,value,humidity,Lab625
,,5,2024-05-08T20:39:37.013502369Z,2024-05-15T20:39:37.013502369Z,2024-05-15T06:00:00Z,27.304545454545462,value,humidity,Lab625
,,5,2024-05-08T20:39:37.013502369Z,2024-05-15T20:39:37.013502369Z,2024-05-15T06:30:00Z,27.1,value,humidity,Lab625
,,5,2024-05-08T20:39:37.013502369Z,2024-05-15T20:39:37.013502369Z,2024-05-15T07:00:00Z,27.2,value,humidity,Lab625
,,5,2024-05-08T20:39:37.013502369Z,2024-05-15T20:39:37.013502369Z,2024-05-15T07:30:00Z,27.18,value,humidity,Lab625
,,5,2024-05-08T20:39:37.013502369Z,2024-05-15T20:39:37.013502369Z,2024-05-15T08:00:00Z,27.183333333333334,value,humidity,Lab625
,,5,2024-05-08T20:39:37.013502369Z,2024-05-15T20:39:37.013502369Z,2024-05-15T08:30:00Z,27.05,value,humidity,Lab625
,,5,2024-05-08T20:39:37.013502369Z,2024-05-15T20:39:37.013502369Z,2024-05-15T09:00:00Z,26.025000000000002,value,humidity,Lab625
,,5,2024-05-08T20:39:37.013502369Z,2024-05-15T20:39:37.013502369Z,2024-05-15T09:30:00Z,26.33043478260869,value,humidity,Lab625
,,5,2024-05-08T20:39:37.013502369Z,2024-05-15T20:39:37.013502369Z,2024-05-15T10:00:00Z,26.29830508474577,value,humidity,Lab625
,,5,2024-05-08T20:39:37.013502369Z,2024-05-15T20:39:37.013502369Z,2024-05-15T10:30:00Z,26.175000000000022,value,humidity,Lab625
,,5,2024-05-08T20:39:37.013502369Z,2024-05-15T20:39:37.013502369Z,2024-05-15T11:00:00Z,26.645714285714288,value,humidity,Lab625
,,5,2024-05-08T20:39:37.013502369Z,2024-05-15T20:39:37.013502369Z,2024-05-15T11:30:00Z,29.422222222222224,value,humidity,Lab625
,,5,2024-05-08T20:39:37.013502369Z,2024-05-15T20:39:37.013502369Z,2024-05-15T12:00:00Z,29.928571428571427,value,humidity,Lab625
,,5,2024-05-08T20:39:37.013502369Z,2024-05-15T20:39:37.013502369Z,2024-05-15T12:30:00Z,29.238333333333326,value,humidity,Lab625
,,5,2024-05-08T20:39:37.013502369Z,2024-05-15T20:39:37.013502369Z,2024-05-15T13:00:00Z,27.63510714103935,value,humidity,Lab625
,,5,2024-05-08T20:39:37.013502369Z,2024-05-15T20:39:37.013502369Z,2024-05-15T13:30:00Z,27.65166666666666,value,humidity,Lab625
,,5,2024-05-08T20:39:37.013502369Z,2024-05-15T20:39:37.013502369Z,2024-05-15T14:00:00Z,27.63414634146342,value,humidity,Lab625
,,5,2024-05-08T20:39:37.013502369Z,2024-05-15T20:39:37.013502369Z,2024-05-15T14:30:00Z,27.215254237288146,value,humidity,Lab625
,,5,2024-05-08T20:39:37.013502369Z,2024-05-15T20:39:37.013502369Z,2024-05-15T15:00:00Z,27.259322033898297,value,humidity,Lab625
,,5,2024-05-08T20:39:37.013502369Z,2024-05-15T20:39:37.013502369Z,2024-05-15T15:30:00Z,27.350847457627104,value,humidity,Lab625
,,5,2024-05-08T20:39:37.013502369Z,2024-05-15T20:39:37.013502369Z,2024-05-15T16:00:00Z,27.5,value,humidity,Lab625
,,5,2024-05-08T20:39:37.013502369Z,2024-05-15T20:39:37.013502369Z,2024-05-15T16:30:00Z,28.266666666666666,value,humidity,Lab625
,,5,2024-05-08T20:39:37.013502369Z,2024-05-15T20:39:37.013502369Z,2024-05-15T17:00:00Z,28.400000000000002,value,humidity,Lab625
,,5,2024-05-08T20:39:37.013502369Z,2024-05-15T20:39:37.013502369Z,2024-05-15T17:30:00Z,28.400000000000002,value,humidity,Lab625
,,5,2024-05-08T20:39:37.013502369Z,2024-05-15T20:39:37.013502369Z,2024-05-15T18:00:00Z,28.650000000000006,value,humidity,Lab625
,,5,2024-05-08T20:39:37.013502369Z,2024-05-15T20:39:37.013502369Z,2024-05-15T18:30:00Z,28.599999999999998,value,humidity,Lab625
,,5,2024-05-08T20:39:37.013502369Z,2024-05-15T20:39:37.013502369Z,2024-05-15T19:00:00Z,28.480000000000008,value,humidity,Lab625
,,5,2024-05-08T20:39:37.013502369Z,2024-05-15T20:39:37.013502369Z,2024-05-15T19:30:00Z,28.298245614035082,value,humidity,Lab625
,,5,2024-05-08T20:39:37.013502369Z,2024-05-15T20:39:37.013502369Z,2024-05-15T20:00:00Z,28.080487804878057,value,humidity,Lab625
,,5,2024-05-08T20:39:37.013502369Z,2024-05-15T20:39:37.013502369Z,2024-05-15T20:30:00Z,27.96440677966105,value,humidity,Lab625
,,5,2024-05-08T20:39:37.013502369Z,2024-05-15T20:39:37.013502369Z,2024-05-15T20:39:37.013502369Z,27.857894736842102,value,humidity,Lab625
,,6,2024-05-08T20:39:37.013502369Z,2024-05-15T20:39:37.013502369Z,2024-05-14T14:00:00Z,26.65454545454547,value,temperature,322
,,6,2024-05-08T20:39:37.013502369Z,2024-05-15T20:39:37.013502369Z,2024-05-14T17:00:00Z,24.10000000000001,value,temperature,322
,,7,2024-05-08T20:39:37.013502369Z,2024-05-15T20:39:37.013502369Z,2024-05-14T14:00:00Z,25.33010752688172,value,temperature,349
,,7,2024-05-08T20:39:37.013502369Z,2024-05-15T20:39:37.013502369Z,2024-05-14T14:30:00Z,25.512230215827323,value,temperature,349
,,7,2024-05-08T20:39:37.013502369Z,2024-05-15T20:39:37.013502369Z,2024-05-15T09:30:00Z,25.6129186602872,value,temperature,349
,,7,2024-05-08T20:39:37.013502369Z,2024-05-15T20:39:37.013502369Z,2024-05-15T10:00:00Z,25.48056872037915,value,temperature,349
,,7,2024-05-08T20:39:37.013502369Z,2024-05-15T20:39:37.013502369Z,2024-05-15T10:30:00Z,25.7,value,temperature,349
,,8,2024-05-08T20:39:37.013502369Z,2024-05-15T20:39:37.013502369Z,2024-05-13T00:00:00Z,22.8,value,temperature,373
,,8,2024-05-08T20:39:37.013502369Z,2024-05-15T20:39:37.013502369Z,2024-05-13T00:30:00Z,22.7,value,temperature,373
,,8,2024-05-08T20:39:37.013502369Z,2024-05-15T20:39:37.013502369Z,2024-05-13T01:00:00Z,22.6,value,temperature,373
,,8,2024-05-08T20:39:37.013502369Z,2024-05-15T20:39:37.013502369Z,2024-05-13T02:00:00Z,22.4,value,temperature,373
,,8,2024-05-08T20:39:37.013502369Z,2024-05-15T20:39:37.013502369Z,2024-05-13T04:30:00Z,22.3,value,temperature,373
,,8,2024-05-08T20:39:37.013502369Z,2024-05-15T20:39:37.013502369Z,2024-05-13T05:00:00Z,22.5,value,temperature,373
,,8,2024-05-08T20:39:37.013502369Z,2024-05-15T20:39:37.013502369Z,2024-05-13T07:30:00Z,21.95,value,temperature,373
,,8,2024-05-08T20:39:37.013502369Z,2024-05-15T20:39:37.013502369Z,2024-05-13T08:00:00Z,22.26666666666667,value,temperature,373
,,8,2024-05-08T20:39:37.013502369Z,2024-05-15T20:39:37.013502369Z,2024-05-13T08:30:00Z,22.1,value,temperature,373
,,8,2024-05-08T20:39:37.013502369Z,2024-05-15T20:39:37.013502369Z,2024-05-13T09:30:00Z,22.2,value,temperature,373
,,8,2024-05-08T20:39:37.013502369Z,2024-05-15T20:39:37.013502369Z,2024-05-13T10:00:00Z,22.15,value,temperature,373
,,8,2024-05-08T20:39:37.013502369Z,2024-05-15T20:39:37.013502369Z,2024-05-15T10:30:00Z,23.8,value,temperature,373
,,8,2024-05-08T20:39:37.013502369Z,2024-05-15T20:39:37.013502369Z,2024-05-15T11:00:00Z,23.8,value,temperature,373
,,8,2024-05-08T20:39:37.013502369Z,2024-05-15T20:39:37.013502369Z,2024-05-15T11:30:00Z,23.6,value,temperature,373
,,8,2024-05-08T20:39:37.013502369Z,2024-05-15T20:39:37.013502369Z,2024-05-15T13:00:00Z,23.6,value,temperature,373
,,8,2024-05-08T20:39:37.013502369Z,2024-05-15T20:39:37.013502369Z,2024-05-15T14:00:00Z,23.7,value,temperature,373
,,8,2024-05-08T20:39:37.013502369Z,2024-05-15T20:39:37.013502369Z,2024-05-15T15:00:00Z,24.5,value,temperature,373
,,8,2024-05-08T20:39:37.013502369Z,2024-05-15T20:39:37.013502369Z,2024-05-15T15:30:00Z,25.28,value,temperature,373
,,8,2024-05-08T20:39:37.013502369Z,2024-05-15T20:39:37.013502369Z,2024-05-15T16:30:00Z,25.6,value,temperature,373
,,8,2024-05-08T20:39:37.013502369Z,2024-05-15T20:39:37.013502369Z,2024-05-15T18:30:00Z,26.4,value,temperature,373
,,8,2024-05-08T20:39:37.013502369Z,2024-05-15T20:39:37.013502369Z,2024-05-15T19:00:00Z,26.35,value,temperature,373
,,8,2024-05-08T20:39:37.013502369Z,2024-05-15T20:39:37.013502369Z,2024-05-15T19:30:00Z,26.15,value,temperature,373
,,8,2024-05-08T20:39:37.013502369Z,2024-05-15T20:39:37.013502369Z,2024-05-15T20:00:00Z,26.2,value,temperature,373
,,8,2024-05-08T20:39:37.013502369Z,2024-05-15T20:39:37.013502369Z,2024-05-15T20:30:00Z,26.1,value,temperature,373
,,8,2024-05-08T20:39:37.013502369Z,2024-05-15T20:39:37.013502369Z,2024-05-15T20:39:37.013502369Z,25.65,value,temperature,373
,,9,2024-05-08T20:39:37.013502369Z,2024-05-15T20:39:37.013502369Z,2024-05-13T00:00:00Z,25.826315789473686,value,temperature,411
,,9,2024-05-08T20:39:37.013502369Z,2024-05-15T20:39:37.013502369Z,2024-05-13T00:30:00Z,25.55443037974684,value,temperature,411
,,9,2024-05-08T20:39:37.013502369Z,2024-05-15T20:39:37.013502369Z,2024-05-13T01:00:00Z,25.175000000000015,value,temperature,411
,,9,2024-05-08T20:39:37.013502369Z,2024-05-15T20:39:37.013502369Z,2024-05-13T02:00:00Z,24.349999999999998,value,temperature,411
,,9,2024-05-08T20:39:37.013502369Z,2024-05-15T20:39:37.013502369Z,2024-05-13T03:00:00Z,24.05,value,temperature,411
,,9,2024-05-08T20:39:37.013502369Z,2024-05-15T20:39:37.013502369Z,2024-05-13T03:30:00Z,23.94545454545454,value,temperature,411
,,9,2024-05-08T20:39:37.013502369Z,2024-05-15T20:39:37.013502369Z,2024-05-13T04:30:00Z,23.75,value,temperature,411
,,9,2024-05-08T20:39:37.013502369Z,2024-05-15T20:39:37.013502369Z,2024-05-13T05:00:00Z,23.746666666666666,value,temperature,411
,,9,2024-05-08T20:39:37.013502369Z,2024-05-15T20:39:37.013502369Z,2024-05-13T05:30:00Z,23.933333333333334,value,temperature,411
,,9,2024-05-08T20:39:37.013502369Z,2024-05-15T20:39:37.013502369Z,2024-05-13T06:30:00Z,24.855555555555558,value,temperature,411
,,9,2024-05-08T20:39:37.013502369Z,2024-05-15T20:39:37.013502369Z,2024-05-13T07:00:00Z,25.05,value,temperature,411
,,9,2024-05-08T20:39:37.013502369Z,2024-05-15T20:39:37.013502369Z,2024-05-13T07:30:00Z,24.855555555555558,value,temperature,411
,,9,2024-05-08T20:39:37.013502369Z,2024-05-15T20:39:37.013502369Z,2024-05-13T08:00:00Z,25.048148148148158,value,temperature,411
,,9,2024-05-08T20:39:37.013502369Z,2024-05-15T20:39:37.013502369Z,2024-05-13T09:00:00Z,25.621428571428567,value,temperature,411
,,9,2024-05-08T20:39:37.013502369Z,2024-05-15T20:39:37.013502369Z,2024-05-13T09:30:00Z,25.849999999999984,value,temperature,411
,,9,2024-05-08T20:39:37.013502369Z,2024-05-15T20:39:37.013502369Z,2024-05-13T13:30:00Z,24.614285714285707,value,temperature,411
,,9,2024-05-08T20:39:37.013502369Z,2024-05-15T20:39:37.013502369Z,2024-05-13T14:00:00Z,24.893877551020402,value,temperature,411
,,9,2024-05-08T20:39:37.013502369Z,2024-05-15T20:39:37.013502369Z,2024-05-13T14:30:00Z,24.896551724137936,value,temperature,411
,,9,2024-05-08T20:39:37.013502369Z,2024-05-15T20:39:37.013502369Z,2024-05-13T17:00:00Z,23.248837209302327,value,temperature,411
,,9,2024-05-08T20:39:37.013502369Z,2024-05-15T20:39:37.013502369Z,2024-05-13T18:00:00Z,23.25,value,temperature,411
,,9,2024-05-08T20:39:37.013502369Z,2024-05-15T20:39:37.013502369Z,2024-05-13T18:30:00Z,23.25,value,temperature,411
,,9,2024-05-08T20:39:37.013502369Z,2024-05-15T20:39:37.013502369Z,2024-05-13T19:00:00Z,23.15555555555555,value,temperature,411
,,9,2024-05-08T20:39:37.013502369Z,2024-05-15T20:39:37.013502369Z,2024-05-13T19:30:00Z,23.09,value,temperature,411
,,9,2024-05-08T20:39:37.013502369Z,2024-05-15T20:39:37.013502369Z,2024-05-13T20:00:00Z,22.74285714285714,value,temperature,411
,,9,2024-05-08T20:39:37.013502369Z,2024-05-15T20:39:37.013502369Z,2024-05-13T20:30:00Z,22.25,value,temperature,411
,,9,2024-05-08T20:39:37.013502369Z,2024-05-15T20:39:37.013502369Z,2024-05-13T21:30:00Z,23.175,value,temperature,411
,,9,2024-05-08T20:39:37.013502369Z,2024-05-15T20:39:37.013502369Z,2024-05-14T06:30:00Z,21.7,value,temperature,411
,,9,2024-05-08T20:39:37.013502369Z,2024-05-15T20:39:37.013502369Z,2024-05-14T07:00:00Z,21.605128205128207,value,temperature,411
,,9,2024-05-08T20:39:37.013502369Z,2024-05-15T20:39:37.013502369Z,2024-05-14T07:30:00Z,21.993333333333325,value,temperature,411
,,9,2024-05-08T20:39:37.013502369Z,2024-05-15T20:39:37.013502369Z,2024-05-14T08:00:00Z,22.136363636363633,value,temperature,411
,,9,2024-05-08T20:39:37.013502369Z,2024-05-15T20:39:37.013502369Z,2024-05-14T11:00:00Z,24.35,value,temperature,411
,,9,2024-05-08T20:39:37.013502369Z,2024-05-15T20:39:37.013502369Z,2024-05-14T12:00:00Z,24.1625,value,temperature,411
,,9,2024-05-08T20:39:37.013502369Z,2024-05-15T20:39:37.013502369Z,2024-05-14T12:30:00Z,25.27,value,temperature,411
,,9,2024-05-08T20:39:37.013502369Z,2024-05-15T20:39:37.013502369Z,2024-05-14T13:30:00Z,23.74736842105263,value,temperature,411
,,9,2024-05-08T20:39:37.013502369Z,2024-05-15T20:39:37.013502369Z,2024-05-14T14:00:00Z,23.75,value,temperature,411
,,9,2024-05-08T20:39:37.013502369Z,2024-05-15T20:39:37.013502369Z,2024-05-14T16:00:00Z,23.755555555555556,value,temperature,411
,,9,2024-05-08T20:39:37.013502369Z,2024-05-15T20:39:37.013502369Z,2024-05-14T16:30:00Z,23.849999999999998,value,temperature,411
,,9,2024-05-08T20:39:37.013502369Z,2024-05-15T20:39:37.013502369Z,2024-05-14T17:30:00Z,23.85,value,temperature,411
,,9,2024-05-08T20:39:37.013502369Z,2024-05-15T20:39:37.013502369Z,2024-05-14T18:00:00Z,23.866666666666664,value,temperature,411
,,9,2024-05-08T20:39:37.013502369Z,2024-05-15T20:39:37.013502369Z,2024-05-14T20:00:00Z,23.75,value,temperature,411
,,9,2024-05-08T20:39:37.013502369Z,2024-05-15T20:39:37.013502369Z,2024-05-14T20:30:00Z,23.75,value,temperature,411
,,9,2024-05-08T20:39:37.013502369Z,2024-05-15T20:39:37.013502369Z,2024-05-14T21:00:00Z,23.75,value,temperature,411
,,9,2024-05-08T20:39:37.013502369Z,2024-05-15T20:39:37.013502369Z,2024-05-14T21:30:00Z,23.75,value,temperature,411
,,9,2024-05-08T20:39:37.013502369Z,2024-05-15T20:39:37.013502369Z,2024-05-14T22:00:00Z,22.7,value,temperature,411
,,9,2024-05-08T20:39:37.013502369Z,2024-05-15T20:39:37.013502369Z,2024-05-14T22:30:00Z,22.95,value,temperature,411
,,9,2024-05-08T20:39:37.013502369Z,2024-05-15T20:39:37.013502369Z,2024-05-14T23:00:00Z,24.139999999999997,value,temperature,411
,,9,2024-05-08T20:39:37.013502369Z,2024-05-15T20:39:37.013502369Z,2024-05-15T09:00:00Z,24.95,value,temperature,411
,,9,2024-05-08T20:39:37.013502369Z,2024-05-15T20:39:37.013502369Z,2024-05-15T09:30:00Z,25.75294117647059,value,temperature,411
,,9,2024-05-08T20:39:37.013502369Z,2024-05-15T20:39:37.013502369Z,2024-05-15T10:00:00Z,26.248648648648647,value,temperature,411
,,9,2024-05-08T20:39:37.013502369Z,2024-05-15T20:39:37.013502369Z,2024-05-15T10:30:00Z,26.550000000000004,value,temperature,411
,,9,2024-05-08T20:39:37.013502369Z,2024-05-15T20:39:37.013502369Z,2024-05-15T11:00:00Z,26.416666666666664,value,temperature,411
,,9,2024-05-08T20:39:37.013502369Z,2024-05-15T20:39:37.013502369Z,2024-05-15T11:30:00Z,25.716666666666665,value,temperature,411
,,9,2024-05-08T20:39:37.013502369Z,2024-05-15T20:39:37.013502369Z,2024-05-15T12:00:00Z,25.86363636363636,value,temperature,411
,,9,2024-05-08T20:39:37.013502369Z,2024-05-15T20:39:37.013502369Z,2024-05-15T12:30:00Z,26.787179487179476,value,temperature,411
,,9,2024-05-08T20:39:37.013502369Z,2024-05-15T20:39:37.013502369Z,2024-05-15T13:00:00Z,24.298960429242122,value,temperature,411
,,9,2024-05-08T20:39:37.013502369Z,2024-05-15T20:39:37.013502369Z,2024-05-15T13:30:00Z,24.25,value,temperature,411
,,9,2024-05-08T20:39:37.013502369Z,2024-05-15T20:39:37.013502369Z,2024-05-15T14:00:00Z,24.25,value,temperature,411
,,9,2024-05-08T20:39:37.013502369Z,2024-05-15T20:39:37.013502369Z,2024-05-15T14:30:00Z,24.25,value,temperature,411
,,9,2024-05-08T20:39:37.013502369Z,2024-05-15T20:39:37.013502369Z,2024-05-15T15:00:00Z,24.25,value,temperature,411
,,9,2024-05-08T20:39:37.013502369Z,2024-05-15T20:39:37.013502369Z,2024-05-15T15:30:00Z,24.25,value,temperature,411
,,9,2024-05-08T20:39:37.013502369Z,2024-05-15T20:39:37.013502369Z,2024-05-15T16:30:00Z,24.25,value,temperature,411
,,9,2024-05-08T20:39:37.013502369Z,2024-05-15T20:39:37.013502369Z,2024-05-15T17:00:00Z,24.25,value,temperature,411
,,9,2024-05-08T20:39:37.013502369Z,2024-05-15T20:39:37.013502369Z,2024-05-15T18:00:00Z,24.150000000000013,value,temperature,411
,,9,2024-05-08T20:39:37.013502369Z,2024-05-15T20:39:37.013502369Z,2024-05-15T18:30:00Z,24.150000000000002,value,temperature,411
,,9,2024-05-08T20:39:37.013502369Z,2024-05-15T20:39:37.013502369Z,2024-05-15T19:00:00Z,23.773684210526316,value,temperature,411
,,9,2024-05-08T20:39:37.013502369Z,2024-05-15T20:39:37.013502369Z,2024-05-15T19:30:00Z,23.466666666666672,value,temperature,411
,,10,2024-05-08T20:39:37.013502369Z,2024-05-15T20:39:37.013502369Z,2024-05-14T14:00:00Z,27.24109589041096,value,temperature,930
,,10,2024-05-08T20:39:37.013502369Z,2024-05-15T20:39:37.013502369Z,2024-05-14T14:30:00Z,27.62510638297871,value,temperature,930
,,10,2024-05-08T20:39:37.013502369Z,2024-05-15T20:39:37.013502369Z,2024-05-14T16:00:00Z,27.46949152542371,value,temperature,930
,,10,2024-05-08T20:39:37.013502369Z,2024-05-15T20:39:37.013502369Z,2024-05-14T16:30:00Z,27.15685131195343,value,temperature,930
,,10,2024-05-08T20:39:37.013502369Z,2024-05-15T20:39:37.013502369Z,2024-05-14T17:00:00Z,26.04210526315788,value,temperature,930
,,10,2024-05-08T20:39:37.013502369Z,2024-05-15T20:39:37.013502369Z,2024-05-14T17:30:00Z,25.675555555555558,value,temperature,930
,,10,2024-05-08T20:39:37.013502369Z,2024-05-15T20:39:37.013502369Z,2024-05-14T18:00:00Z,25.52682926829268,value,temperature,930
,,10,2024-05-08T20:39:37.013502369Z,2024-05-15T20:39:37.013502369Z,2024-05-14T18:30:00Z,25.400000000000034,value,temperature,930
,,10,2024-05-08T20:39:37.013502369Z,2024-05-15T20:39:37.013502369Z,2024-05-14T19:00:00Z,25.400000000000027,value,temperature,930
,,10,2024-05-08T20:39:37.013502369Z,2024-05-15T20:39:37.013502369Z,2024-05-14T19:30:00Z,25.39999999999999,value,temperature,930
,,10,2024-05-08T20:39:37.013502369Z,2024-05-15T20:39:37.013502369Z,2024-05-14T20:00:00Z,24.96111111111109,value,temperature,930
,,10,2024-05-08T20:39:37.013502369Z,2024-05-15T20:39:37.013502369Z,2024-05-14T20:30:00Z,24.5,value,temperature,930
,,10,2024-05-08T20:39:37.013502369Z,2024-05-15T20:39:37.013502369Z,2024-05-14T21:00:00Z,24.159259259259233,value,temperature,930
,,10,2024-05-08T20:39:37.013502369Z,2024-05-15T20:39:37.013502369Z,2024-05-14T21:30:00Z,24.594594594594618,value,temperature,930
,,10,2024-05-08T20:39:37.013502369Z,2024-05-15T20:39:37.013502369Z,2024-05-14T22:00:00Z,24.843023255813968,value,temperature,930
,,10,2024-05-08T20:39:37.013502369Z,2024-05-15T20:39:37.013502369Z,2024-05-14T22:30:00Z,24.900000000000002,value,temperature,930
,,10,2024-05-08T20:39:37.013502369Z,2024-05-15T20:39:37.013502369Z,2024-05-14T23:00:00Z,24.957142857142852,value,temperature,930
,,10,2024-05-08T20:39:37.013502369Z,2024-05-15T20:39:37.013502369Z,2024-05-14T23:30:00Z,24.992537313432837,value,temperature,930
,,10,2024-05-08T20:39:37.013502369Z,2024-05-15T20:39:37.013502369Z,2024-05-15T00:00:00Z,25,value,temperature,930
,,10,2024-05-08T20:39:37.013502369Z,2024-05-15T20:39:37.013502369Z,2024-05-15T00:30:00Z,24.996969696969696,value,temperature,930
,,10,2024-05-08T20:39:37.013502369Z,2024-05-15T20:39:37.013502369Z,2024-05-15T01:00:00Z,25,value,temperature,930
,,10,2024-05-08T20:39:37.013502369Z,2024-05-15T20:39:37.013502369Z,2024-05-15T01:30:00Z,25,value,temperature,930
,,10,2024-05-08T20:39:37.013502369Z,2024-05-15T20:39:37.013502369Z,2024-05-15T02:00:00Z,24.99545454545455,value,temperature,930
,,10,2024-05-08T20:39:37.013502369Z,2024-05-15T20:39:37.013502369Z,2024-05-15T02:30:00Z,24.944117647058818,value,temperature,930
,,10,2024-05-08T20:39:37.013502369Z,2024-05-15T20:39:37.013502369Z,2024-05-15T03:00:00Z,24.977272727272727,value,temperature,930
,,10,2024-05-08T20:39:37.013502369Z,2024-05-15T20:39:37.013502369Z,2024-05-15T03:30:00Z,24.929629629629638,value,temperature,930
,,10,2024-05-08T20:39:37.013502369Z,2024-05-15T20:39:37.013502369Z,2024-05-15T04:00:00Z,24.953416149068342,value,temperature,930
,,10,2024-05-08T20:39:37.013502369Z,2024-05-15T20:39:37.013502369Z,2024-05-15T04:30:00Z,24.900000000000002,value,temperature,930
,,10,2024-05-08T20:39:37.013502369Z,2024-05-15T20:39:37.013502369Z,2024-05-15T05:00:00Z,24.90000000000004,value,temperature,930
,,10,2024-05-08T20:39:37.013502369Z,2024-05-15T20:39:37.013502369Z,2024-05-15T05:30:00Z,24.89999999999999,value,temperature,930
,,10,2024-05-08T20:39:37.013502369Z,2024-05-15T20:39:37.013502369Z,2024-05-15T06:00:00Z,24.915865384615415,value,temperature,930
,,10,2024-05-08T20:39:37.013502369Z,2024-05-15T20:39:37.013502369Z,2024-05-15T06:30:00Z,24.99411764705882,value,temperature,930
,,11,2024-05-08T20:39:37.013502369Z,2024-05-15T20:39:37.013502369Z,2024-05-14T19:00:00Z,28.5,value,temperature,Lab625
,,11,2024-05-08T20:39:37.013502369Z,2024-05-15T20:39:37.013502369Z,2024-05-14T19:30:00Z,28.5,value,temperature,Lab625
,,11,2024-05-08T20:39:37.013502369Z,2024-05-15T20:39:37.013502369Z,2024-05-14T20:00:00Z,28.46666666666667,value,temperature,Lab625
,,11,2024-05-08T20:39:37.013502369Z,2024-05-15T20:39:37.013502369Z,2024-05-14T20:30:00Z,28.3,value,temperature,Lab625
,,11,2024-05-08T20:39:37.013502369Z,2024-05-15T20:39:37.013502369Z,2024-05-14T21:00:00Z,28.209999999999997,value,temperature,Lab625
,,11,2024-05-08T20:39:37.013502369Z,2024-05-15T20:39:37.013502369Z,2024-05-14T21:30:00Z,28.099999999999998,value,temperature,Lab625
,,11,2024-05-08T20:39:37.013502369Z,2024-05-15T20:39:37.013502369Z,2024-05-14T22:00:00Z,28,value,temperature,Lab625
,,11,2024-05-08T20:39:37.013502369Z,2024-05-15T20:39:37.013502369Z,2024-05-14T22:30:00Z,27.940000000000005,value,temperature,Lab625
,,11,2024-05-08T20:39:37.013502369Z,2024-05-15T20:39:37.013502369Z,2024-05-14T23:00:00Z,27.840000000000003,value,temperature,Lab625
,,11,2024-05-08T20:39:37.013502369Z,2024-05-15T20:39:37.013502369Z,2024-05-14T23:30:00Z,27.75714285714286,value,temperature,Lab625
,,11,2024-05-08T20:39:37.013502369Z,2024-05-15T20:39:37.013502369Z,2024-05-15T00:00:00Z,27.699999999999996,value,temperature,Lab625
,,11,2024-05-08T20:39:37.013502369Z,2024-05-15T20:39:37.013502369Z,2024-05-15T00:30:00Z,27.585714285714285,value,temperature,Lab625
,,11,2024-05-08T20:39:37.013502369Z,2024-05-15T20:39:37.013502369Z,2024-05-15T01:00:00Z,27.5,value,temperature,Lab625
,,11,2024-05-08T20:39:37.013502369Z,2024-05-15T20:39:37.013502369Z,2024-05-15T01:30:00Z,27.5,value,temperature,Lab625
,,11,2024-05-08T20:39:37.013502369Z,2024-05-15T20:39:37.013502369Z,2024-05-15T02:00:00Z,27.400000000000002,value,temperature,Lab625
,,11,2024-05-08T20:39:37.013502369Z,2024-05-15T20:39:37.013502369Z,2024-05-15T02:30:00Z,27.3,value,temperature,Lab625
,,11,2024-05-08T20:39:37.013502369Z,2024-05-15T20:39:37.013502369Z,2024-05-15T03:00:00Z,27.300000000000004,value,temperature,Lab625
,,11,2024-05-08T20:39:37.013502369Z,2024-05-15T20:39:37.013502369Z,2024-05-15T03:30:00Z,27.2,value,temperature,Lab625
,,11,2024-05-08T20:39:37.013502369Z,2024-05-15T20:39:37.013502369Z,2024-05-15T04:00:00Z,27.199999999999992,value,temperature,Lab625
,,11,2024-05-08T20:39:37.013502369Z,2024-05-15T20:39:37.013502369Z,2024-05-15T04:30:00Z,27.1,value,temperature,Lab625
,,11,2024-05-08T20:39:37.013502369Z,2024-05-15T20:39:37.013502369Z,2024-05-15T05:00:00Z,27.199999999999996,value,temperature,Lab625
,,11,2024-05-08T20:39:37.013502369Z,2024-05-15T20:39:37.013502369Z,2024-05-15T05:30:00Z,27.3,value,temperature,Lab625
,,11,2024-05-08T20:39:37.013502369Z,2024-05-15T20:39:37.013502369Z,2024-05-15T06:00:00Z,27.33636363636364,value,temperature,Lab625
,,11,2024-05-08T20:39:37.013502369Z,2024-05-15T20:39:37.013502369Z,2024-05-15T06:30:00Z,27.8,value,temperature,Lab625
,,11,2024-05-08T20:39:37.013502369Z,2024-05-15T20:39:37.013502369Z,2024-05-15T07:00:00Z,27.85,value,temperature,Lab625
,,11,2024-05-08T20:39:37.013502369Z,2024-05-15T20:39:37.013502369Z,2024-05-15T07:30:00Z,28.1,value,temperature,Lab625
,,11,2024-05-08T20:39:37.013502369Z,2024-05-15T20:39:37.013502369Z,2024-05-15T08:00:00Z,28.333333333333332,value,temperature,Lab625
,,11,2024-05-08T20:39:37.013502369Z,2024-05-15T20:39:37.013502369Z,2024-05-15T08:30:00Z,28.5,value,temperature,Lab625
,,11,2024-05-08T20:39:37.013502369Z,2024-05-15T20:39:37.013502369Z,2024-05-15T09:00:00Z,28.037499999999994,value,temperature,Lab625
,,11,2024-05-08T20:39:37.013502369Z,2024-05-15T20:39:37.013502369Z,2024-05-15T09:30:00Z,27.536956521739135,value,temperature,Lab625
,,11,2024-05-08T20:39:37.013502369Z,2024-05-15T20:39:37.013502369Z,2024-05-15T10:00:00Z,27.72542372881358,value,temperature,Lab625
,,11,2024-05-08T20:39:37.013502369Z,2024-05-15T20:39:37.013502369Z,2024-05-15T10:30:00Z,28.024999999999967,value,temperature,Lab625
,,11,2024-05-08T20:39:37.013502369Z,2024-05-15T20:39:37.013502369Z,2024-05-15T11:00:00Z,28.100000000000016,value,temperature,Lab625
,,11,2024-05-08T20:39:37.013502369Z,2024-05-15T20:39:37.013502369Z,2024-05-15T11:30:00Z,28.300000000000004,value,temperature,Lab625
,,11,2024-05-08T20:39:37.013502369Z,2024-05-15T20:39:37.013502369Z,2024-05-15T12:00:00Z,28.52380952380953,value,temperature,Lab625
,,11,2024-05-08T20:39:37.013502369Z,2024-05-15T20:39:37.013502369Z,2024-05-15T12:30:00Z,28.551666666666666,value,temperature,Lab625
,,11,2024-05-08T20:39:37.013502369Z,2024-05-15T20:39:37.013502369Z,2024-05-15T13:00:00Z,27.58961419046165,value,temperature,Lab625
,,11,2024-05-08T20:39:37.013502369Z,2024-05-15T20:39:37.013502369Z,2024-05-15T13:30:00Z,27.450000000000003,value,temperature,Lab625
,,11,2024-05-08T20:39:37.013502369Z,2024-05-15T20:39:37.013502369Z,2024-05-15T14:00:00Z,27.446341463414633,value,temperature,Lab625
,,11,2024-05-08T20:39:37.013502369Z,2024-05-15T20:39:37.013502369Z,2024-05-15T14:30:00Z,27.457627118644048,value,temperature,Lab625
,,11,2024-05-08T20:39:37.013502369Z,2024-05-15T20:39:37.013502369Z,2024-05-15T15:00:00Z,27.54406779661017,value,temperature,Lab625
,,11,2024-05-08T20:39:37.013502369Z,2024-05-15T20:39:37.013502369Z,2024-05-15T15:30:00Z,27.601694915254246,value,temperature,Lab625
,,11,2024-05-08T20:39:37.013502369Z,2024-05-15T20:39:37.013502369Z,2024-05-15T16:00:00Z,27.64444444444444,value,temperature,Lab625
,,11,2024-05-08T20:39:37.013502369Z,2024-05-15T20:39:37.013502369Z,2024-05-15T16:30:00Z,28.13333333333333,value,temperature,Lab625
,,11,2024-05-08T20:39:37.013502369Z,2024-05-15T20:39:37.013502369Z,2024-05-15T17:00:00Z,28.32857142857143,value,temperature,Lab625
,,11,2024-05-08T20:39:37.013502369Z,2024-05-15T20:39:37.013502369Z,2024-05-15T17:30:00Z,28.5,value,temperature,Lab625
,,11,2024-05-08T20:39:37.013502369Z,2024-05-15T20:39:37.013502369Z,2024-05-15T18:00:00Z,28.335,value,temperature,Lab625
,,11,2024-05-08T20:39:37.013502369Z,2024-05-15T20:39:37.013502369Z,2024-05-15T18:30:00Z,28.300000000000004,value,temperature,Lab625
,,11,2024-05-08T20:39:37.013502369Z,2024-05-15T20:39:37.013502369Z,2024-05-15T19:00:00Z,28.102500000000003,value,temperature,Lab625
,,11,2024-05-08T20:39:37.013502369Z,2024-05-15T20:39:37.013502369Z,2024-05-15T19:30:00Z,28.099999999999977,value,temperature,Lab625
,,11,2024-05-08T20:39:37.013502369Z,2024-05-15T20:39:37.013502369Z,2024-05-15T20:00:00Z,28.034146341463416,value,temperature,Lab625
,,11,2024-05-08T20:39:37.013502369Z,2024-05-15T20:39:37.013502369Z,2024-05-15T20:30:00Z,28,value,temperature,Lab625
,,11,2024-05-08T20:39:37.013502369Z,2024-05-15T20:39:37.013502369Z,2024-05-15T20:39:37.013502369Z,27.952631578947365,value,temperature,Lab625

